{
  "1": [
    [
      10,
      0.067087
    ],
    [
      25,
      0.131461
    ],
    [
      40,
      0.206222
    ],
    [
      55,
      0.28244
    ],
    [
      70,
      0.353269
    ],
    [
      85,
      0.413471
    ],
    [
      100,
      0.440887
    ]
  ],
  "4": [
    [
      10,
      0.09446
    ],
    [
      25,
      0.123717
    ],
    [
      40,
      0.199524
    ],
    [
      55,
      0.273816
    ],
    [
      70,
      0.3471
    ],
    [
      85,
      0.412784
    ],
    [
      100,
      0.44038
    ]
  ],
  "7": [
    [
      10,
      0.094893
    ],
    [
      25,
      0.122831
    ],
    [
      40,
      0.194154
    ],
    [
      55,
      0.266492
    ],
    [
      70,
      0.338253
    ],
    [
      85,
      0.403416
    ],
    [
      100,
      0.441426
    ]
  ],
  "10": [
    [
      10,
      0.098437
    ],
    [
      25,
      0.11967649999999999
    ],
    [
      40,
      0.18942799999999999
    ],
    [
      55,
      0.2596225
    ],
    [
      70,
      0.32897350000000003
    ],
    [
      85,
      0.39120200000000005
    ],
    [
      100,
      0.432183
    ]
  ],
  "12": [
    [
      10,
      0.100163
    ],
    [
      25,
      0.116691
    ],
    [
      40,
      0.184264
    ],
    [
      55,
      0.251534
    ],
    [
      70,
      0.318624
    ],
    [
      85,
      0.379593
    ],
    [
      100,
      0.41881
    ]
  ],
  "14": [
    [
      10,
      0.099069
    ],
    [
      25,
      0.113179
    ],
    [
      40,
      0.18109
    ],
    [
      55,
      0.244019
    ],
    [
      70,
      0.308874
    ],
    [
      85,
      0.365947
    ],
    [
      100,
      0.404641
    ]
  ],
  "16": [
    [
      10,
      0.089428
    ],
    [
      25,
      0.111503
    ],
    [
      40,
      0.174391
    ],
    [
      55,
      0.238227
    ],
    [
      70,
      0.298563
    ],
    [
      85,
      0.353738
    ],
    [
      100,
      0.388814
    ]
  ],
  "18": [
    [
      10,
      0.093824
    ],
    [
      25,
      0.107488
    ],
    [
      40,
      0.16902
    ],
    [
      55,
      0.229247
    ],
    [
      70,
      0.28664
    ],
    [
      85,
      0.342322
    ],
    [
      100,
      0.374206
    ]
  ],
  "20": [
    [
      10,
      0.084154
    ],
    [
      25,
      0.104644
    ],
    [
      40,
      0.16256
    ],
    [
      55,
      0.22017
    ],
    [
      70,
      0.277224
    ],
    [
      85,
      0.32713
    ],
    [
      100,
      0.358261
    ]
  ]
}