{
    "1": [
        -6.336593,
        226.592659
    ],
    "4": [
        -8.513688,
        235.014421
    ],
    "7": [
        -8.379557,
        238.337491
    ],
    "10": [
        -9.118538,
        246.674478
    ],
    "12": [
        -9.858435,
        256.548812
    ],
    "14": [
        -10.582099,
        267.398423
    ],
    "16": [
        -10.225388,
        275.933794
    ],
    "18": [
        -11.399627,
        290.000472
    ],
    "20": [
        -10.915639,
        300.760406
    ]
}