{
    "1": [
        1.603376,
        36.070412,
        1782.01431,
        -6711.909474,
        8214.682683
    ],
    "4": [
        -48.282409,
        866.356549,
        -2897.985877,
        4375.225978,
        -1229.958271
    ],
    "7": [
        -60.295258,
        1104.960041,
        -4507.705806,
        8996.81675,
        -5889.736201
    ],
    "10": [
        -84.064797,
        1539.992364,
        -7207.486167,
        16021.357413,
        -12300.908318
    ],
    "12": [
        -95.568735,
        1752.384207,
        -8508.657574,
        19430.646034,
        -15403.972556
    ],
    "14": [
        -101.565335,
        1916.37209,
        -9804.057219,
        23503.318006,
        -19634.686283
    ],
    "16": [
        -80.909775,
        1620.574831,
        -8240.04151,
        20022.613687,
        -16671.852792
    ],
    "18": [
        -99.998833,
        1975.471184,
        -10479.055616,
        26108.564417,
        -22478.431851
    ],
    "20": [
        -81.834374,
        1735.987167,
        -9338.488295,
        23964.330115,
        -20885.661225
    ]
}