{
    "1": [
        -33.728079,
        1102.30952,
        -9268.560268,
        44192.066512,
        -98792.975015,
        83720.100337
    ],
    "4": [
        -207.046553,
        4812.727101,
        -38906.118522,
        156556.167582,
        -302396.482317,
        225533.083046
    ],
    "7": [
        -185.360764,
        4190.736532,
        -32447.906359,
        126181.765989,
        -236069.153893,
        171120.889433
    ],
    "10": [
        -271.511658,
        6089.61263,
        -48008.421599,
        186603.687246,
        -348029.417695,
        251059.796768
    ],
    "12": [
        -374.765136,
        8532.218168,
        -69636.178585,
        277599.256425,
        -530774.858414,
        392172.607265
    ],
    "14": [
        -437.195419,
        10220.17257,
        -86250.365563,
        354014.380955,
        -696530.617271,
        529368.025953
    ],
    "16": [
        -247.68121,
        6115.350978,
        -53058.414957,
        228431.355029,
        -472908.540273,
        379484.828094
    ],
    "18": [
        -485.705338,
        12168.751403,
        -110973.884908,
        492170.929511,
        -1047698.855259,
        862122.660376
    ],
    "20": [
        -256.03892,
        6781.791528,
        -63552.476482,
        296155.42608,
        -665131.02207,
        579926.06846
    ]
}