{
    "10": [
        -1.369339,
        39.372633,
        -395.438146,
        2101.772381,
        -5933.912975,
        8475.433518,
        -4792.839595
    ],
    "11": [
        -3.130699,
        85.620407,
        -878.186563,
        4680.071726,
        -13389.180022,
        19583.500802,
        -11477.292054
    ],
    "12": [
        -2.232815,
        60.700642,
        -606.600882,
        3184.893242,
        -8959.532032,
        12835.542613,
        -7319.909982
    ],
    "13": [
        3.022237,
        -92.265093,
        1123.191539,
        -6657.270526,
        21038.650836,
        -33941.110038,
        22006.588135
    ],
    "14": [
        4.089715,
        -127.126002,
        1569.663571,
        -9520.404993,
        30802.186875,
        -50846.405468,
        33695.568856
    ],
    "15": [
        -0.060197,
        0.279033,
        35.875356,
        -191.813155,
        423.39103,
        -366.822358,
        99.29789
    ],
    "16": [
        -3.008409,
        88.632867,
        -980.810058,
        5655.154383,
        -17513.016706,
        27716.387565,
        -17550.545824
    ],
    "17": [
        -3.346102,
        101.980939,
        -1176.36442,
        7047.066946,
        -22663.498433,
        37243.837813,
        -24503.508623
    ],
    "18": [
        8.792781,
        -282.759749,
        3596.250614,
        -22855.395361,
        77879.964893,
        -135847.044576,
        95324.463224
    ],
    "19": [
        -3.320345,
        101.822451,
        -1176.763585,
        7065.253655,
        -22787.285224,
        37591.509089,
        -24839.063207
    ],
    "20": [
        9.301427,
        -308.176376,
        4039.717532,
        -26501.013301,
        93304.042976,
        -168315.20379,
        122254.461479
    ]
}