{
    "1": [
        1.160118,
        147.944904,
        152.230333
    ],
    "4": [
        -5.744407,
        208.276294,
        50.010986
    ],
    "7": [
        -8.104015,
        235.680113,
        4.989605
    ],
    "10": [
        -9.701547,
        252.337459,
        -10.815884
    ],
    "12": [
        -11.019604,
        268.013603,
        -22.441658
    ],
    "14": [
        -11.038267,
        272.025669,
        -9.351973
    ],
    "16": [
        -9.478667,
        267.954726,
        16.860316
    ],
    "18": [
        -11.642368,
        292.627907,
        -5.69784
    ],
    "20": [
        -9.978984,
        290.00969,
        24.525555
    ]
}