{
    "1": [
        -13.956152,
        416.276588,
        -1079.00527,
        1614.023431
    ],
    "4": [
        -44.527592,
        791.748466,
        -2404.418712,
        3054.628547
    ],
    "7": [
        -41.954582,
        742.41256,
        -2121.066573,
        2642.577518
    ],
    "10": [
        -45.686846,
        789.082223,
        -2276.486058,
        2849.062479
    ],
    "12": [
        -50.355568,
        861.334589,
        -2576.677325,
        3289.664742
    ],
    "14": [
        -49.261861,
        863.479973,
        -2629.802465,
        3480.403012
    ],
    "16": [
        -46.531828,
        876.72033,
        -2823.673423,
        3956.385778
    ],
    "18": [
        -55.289076,
        1012.811598,
        -3427.379217,
        4886.460426
    ],
    "20": [
        -49.833398,
        993.109093,
        -3516.161317,
        5334.486337
    ]
}